timestamp,cpu_usage,memory_usage
1747829924,34543000,2019328
1747829925,17995600,933888
1747829926,33594000,1703936
1747829927,95258300,11038720
1747829928,20593300,1257472
1747829929,200555100,13275136
1747829930,182922300,12787712
1747829931,196490600,13750272
1747829932,202168700,13426688
1747829933,218819900,12877824
1747829934,675946100,13271040
1747829935,225706700,12828672
1747829936,210793300,12886016
1747829937,247746500,13127680
1747829938,242586800,12312576
1747829939,231748200,12541952
1747829940,266151100,12656640
1747829941,280368500,12836864
1747829942,270731200,12349440
1747829943,349822700,19873792
1747829944,941930400,23867392
1747829945,473620200,23420928
1747829946,493220300,24338432
1747829947,535665900,23928832
1747829948,512547100,24408064
1747829949,537028300,24514560
1747829950,520077000,24342528
1747829951,555602300,24150016
1747829952,536249500,24584192
1747829953,675026300,33644544
1747829954,1381909800,38133760
1747829955,701089400,38543360
1747829956,691629100,40091648
1747829957,712672700,40853504
1747829958,705511900,41857024
1747829959,237920500,30072832
1747829960,1228254300,43868160
1747829961,737279700,44326912
1747829962,735447500,45768704
1747829963,752007700,46379008
1747829964,1490086400,48877568
1747829965,750187600,49106944
1747829966,754089600,55873536
1747829967,737247200,53161984
1747829968,719070200,53719040
1747829970,1468968800,55439360
1747829971,738589600,55394304
1747829972,732045700,56979456
1747829973,744548800,56938496
1747829974,1449310100,60825600
1747829975,696315200,61415424
1747829976,740362400,62558208
1747829977,724076600,63266816
1747829978,713544500,63512576
1747829979,718011400,64204800
1747829980,721470000,67104768
1747829981,712726400,64933888
1747829982,729098100,65949696
1747829983,716416200,66211840
1747829984,1007489600,67657728
1747829985,395427200,67317760
1747829986,376787100,67215360
1747829987,366463500,67870720
1747829988,351000500,68427776
1747829989,361671200,67395584
1747829990,407191500,67944448
1747829991,453934500,67997696
1747829992,12673500,67944448
1747829993,62000,67944448
1747829994,0,67944448
1747829995,461997800,68079616
1747829996,144113400,68481024
1747829997,0,68407296
1747829998,0,68407296
1747829999,0,68407296
1747830000,499023900,69390336
1747830001,475361000,72486912
1747830002,483857500,70746112
1747830003,311672000,70389760
1747830004,495813500,71397376
1747830005,471303800,73445376
1747830006,480877000,71438336
1747830007,466933900,75124736
1747830008,462414100,72601600
1747830009,667262200,73338880
1747830010,469116700,73990144
1747830011,470458500,76640256
1747830012,468122600,74608640
1747830013,477745200,74756096
1747830014,1416693700,76845056
1747830015,742780400,78114816
1747830016,471223000,78090240
1747830017,460998600,78790656
1747830018,553520300,79507456
1747830019,752969500,81510400
1747830020,730854000,81698816
1747830021,760083900,82825216
1747830022,633585500,83017728
1747830023,561406400,83456000
1747830024,1536371300,85569536
1747830025,753099300,86503424
1747830026,744521200,86888448
1747830027,683588900,88317952
1747830028,748120200,89464832
1747830029,769347900,89858048
1747830030,785732700,92172288
1747830031,764311800,92594176
1747830032,622447200,93138944
1747830033,779633900,94482432
1747830034,1466040000,95596544
1747830035,746729900,97021952
1747830036,618980000,96436224
1747830037,720905700,97673216
1747830038,738852200,99180544
1747830039,734286500,102146048
1747830040,737226300,99368960
1747830041,630421700,100229120
1747830042,724312000,100237312
1747830043,748052900,102109184
1747830044,870153300,102572032
1747830045,393034800,102346752
1747830046,605249900,102445056
1747830047,426180000,103464960
1747830048,412314400,102727680
1747830049,356647800,102834176
1747830050,361285500,103469056
1747830051,475376600,102842368
1747830052,399568700,102133760
1747830053,361986600,102400000
1747830054,715178300,103047168
1747830055,374124800,102965248
1747830056,474164400,104984576
1747830057,350665100,103444480
1747830058,0,103428096
1747830059,0,103428096
1747830060,236528500,105267200
1747830061,465360800,105144320
1747830062,481663800,105631744
1747830063,369898100,104976384
1747830064,763222000,105947136
1747830065,458025800,107798528
1747830066,476886700,106078208
1747830067,469590200,106905600
1747830068,465783600,106844160
1747830069,485599100,106393600
1747830070,700227300,108384256
1747830071,472557600,109043712
1747830072,466650800,109367296
1747830073,461816000,109051904
1747830074,1229058000,110759936
1747830075,679808300,112201728
1747830076,546110600,113025024
1747830077,73790200,113172480
1747830078,53253400,114003968
1747830079,200089600,114741248
1747830080,182312500,116002816
1747830081,156766700,122748928
1747830082,267568000,128774144
1747830083,134962000,129830912
1747830084,292794800,131252224
1747830085,146805400,113807360
1747830086,309332900,126885888
1747830087,246306600,126906368
1747830088,147613600,127660032
1747830089,147446700,128565248
1747830090,140373700,129294336
1747830091,153566300,118747136
1747830092,226492500,131371008
1747830093,148305900,131919872
1747830094,302180900,133840896
1747830095,152581100,134529024
1747830096,183021800,129499136
1747830097,180679200,135557120
1747830098,152443200,136417280
1747830099,161656500,137093120
1747830100,160638800,138153984
1747830101,150525300,126922752
1747830102,417376900,139915264
1747830103,632880700,140431360
1747830104,1308862400,142528512
1747830105,634932200,142831616
1747830106,228173900,132571136
1747830107,139051900,133746688
1747830108,143334900,134131712
1747830109,149312400,134352896
1747830110,149744500,135188480
1747830111,413993700,145354752
1747830112,357290400,146079744
1747830113,287824700,147628032
1747830114,154816300,148328448
1747830115,167986200,137007104
1747830116,237280500,148848640
1747830117,673578100,150716416
1747830118,660994900,150507520
1747830119,234606000,151728128
1747830120,160785500,152117248
1747830121,164458000,143286272
1747830122,147607600,143876096
1747830123,155953100,144916480
1747830124,1037866400,156897280
1747830125,684403700,157478912
1747830126,656167800,158248960
1747830127,653936500,158449664
1747830128,488710800,147034112
1747830129,154227100,147914752
1747830130,153454000,148283392
1747830131,155940700,149045248
1747830132,159829500,149872640
1747830133,177264900,156356608
1747830134,1153153500,164704256
1747830135,152999600,165273600
1747830136,148798800,165773312
1747830137,163835400,156274688
1747830138,165878100,157081600
1747830139,178312300,162959360
1747830140,337470300,166408192
1747830141,148574100,166879232
1747830142,148445900,167546880
1747830143,148751800,168009728
1747830144,365673100,168607744
1747830145,146315300,169254912
1747830146,159264300,169230336
1747830147,148717600,169791488
1747830148,150663800,169754624
1747830149,163399100,161366016
1747830150,539729400,173342720
1747830151,151620100,173264896
1747830152,161989500,173142016
1747830153,175200600,173137920
1747830154,336578800,161853440
1747830155,497810700,173203456
1747830156,326977400,173432832
1747830157,167079400,173395968
1747830158,158544000,173215744
1747830159,158897700,173424640
1747830160,168873600,161386496
1747830161,352973300,176869376
1747830162,670341000,175968256
1747830163,536045000,175624192
1747830164,325863300,175869952
1747830165,176080500,163708928
1747830166,166238700,163721216
1747830167,184911800,169762816
1747830168,543198000,175902720
1747830169,688896400,176349184
1747830170,177936100,175874048
1747830171,172546000,175730688
1747830172,165733500,161968128
1747830173,163276100,162201600
1747830174,339477500,162054144
1747830175,170666600,162140160
1747830176,174193500,162099200
1747830177,164059000,162152448
1747830178,169333200,162480128
1747830179,418766300,162557952
1747830180,380231600,162140160
1747830181,180256700,162140160
1747830182,164067600,161959936
1747830183,160256500,161865728
1747830184,341382700,162607104
1747830185,184767300,162054144
1747830186,179225000,162062336
1747830187,203329800,162123776
1747830188,195655400,162152448
1747830189,180483500,150290432
1747830190,185027600,150372352
1747830191,171628900,150585344
1747830192,191423700,150835200
1747830193,184891700,150376448
1747830194,353298500,150552576
1747830195,178199900,150536192
1747830196,178924000,150675456
1747830197,138138100,150532096
1747830198,96069400,150716416
1747830199,96061100,150433792
1747830200,99268300,150736896
1747830201,97547100,150622208
1747830202,106187000,150597632
1747830203,106613300,149696512
1747830204,200738400,150560768
1747830205,103878100,150544384
1747830206,100951800,150560768
1747830207,99847200,150515712
1747830208,106843700,150601728
1747830209,104530800,150360064
1747830210,102274700,150634496
1747830211,105492000,150507520
1747830212,100170900,150753280
1747830213,102117600,150487040
1747830214,210484400,150749184
1747830215,107041200,150724608
1747830216,108766700,150921216
1747830217,108393300,150405120
1747830218,107152900,150601728
1747830219,106038300,150466560
1747830220,106952000,150609920
1747830221,110679200,150523904
1747830222,219138100,150859776
1747830223,109929700,150843392
1747830224,113566500,150945792
1747830225,118241700,150884352
1747830226,122596300,151068672
1747830227,113765800,150679552
1747830228,113005400,150626304
1747830229,110472700,150773760
1747830230,112590700,150962176
1747830231,119112400,150441984
1747830232,110624000,150765568
1747830233,109770200,150777856
1747830234,114555500,150687744
1747830235,236231900,150925312
1747830236,109012300,151052288
1747830237,0,151052288
1747830238,0,151052288
1747830239,0,151052288
1747830240,0,151052288
1747830241,0,151052288
1747830242,0,151052288
1747830243,0,151052288
1747830244,400900,151052288
1747830254,0,151052288
1747832143,90381700,40587264
1747832144,336750400,58675200
1747832145,405578600,64626688
1747832146,407761000,65122304
1747832147,791087900,67420160
1747832148,439197600,75681792
1747832149,456032100,77651968
1747832150,461881900,78143488
1747832151,467560400,78766080
1747832152,498435900,83857408
1747832153,457555300,86126592
1747832154,451535200,87281664
1747832155,471944900,90152960
1747832156,468700900,91222016
1747832157,968688000,94687232
1747832158,487384400,95756288
1747832159,497675500,95920128
1747832160,549157400,109219840
1747832161,516111500,110268416
1747832162,529459300,86933504
1747832163,545937600,86138880
1747832164,550768600,86929408
1747832165,561154100,88170496
1747832166,568912400,88223744
1747832167,1197751900,89456640
1747832168,614860200,90300416
1747832169,626610600,91779072
1747832170,655832000,92733440
1747832171,663889200,91955200
1747832172,659394400,93757440
1747832173,679137900,94212096
1747832174,689136900,94576640
1747832175,700002500,95559680
1747832176,702884700,96145408
1747832177,1463533100,98996224
1747832178,741204900,97935360
1747832179,748085600,100667392
1747832180,776222000,100278272
1747832181,775917400,100827136
1747832182,790116200,101421056
1747832183,794942200,102543360
1747832184,805902900,103288832
1747832185,823833800,104198144
1747832186,837672000,105086976
1747832187,1728815400,119926784
1747832188,835022000,122167296
1747832189,137900,122138624
1747832190,158100,122138624
1747832191,0,122138624
1747832192,0,122138624
1747832193,0,122138624
1747832194,0,122138624
1747832195,0,122138624
1747832196,0,122138624
1747832197,0,98426880
1747832212,16140100,1228800
1747832217,750352600,12697600
1747832218,501311600,12763136
1747832219,503802400,13123584
1747832220,496951300,12283904
1747832221,530452700,14893056
1747832222,499518700,13127680
1747832223,508095200,12423168
1747832224,496631200,12853248
1747832225,493794400,12550144
1747832226,597164200,22134784
1747832227,1250650500,26542080
1747832228,639182200,25845760
1747832229,634581300,26095616
1747832230,670792200,32051200
1747832231,742469000,35606528
1747832232,720650500,36646912
1747832233,741534100,39497728
1747832234,742622500,41013248
1747832235,736039500,42283008
1747832236,744198500,42823680
1747832237,1520132200,45105152
1747832238,755954600,45776896
1747832239,752755900,47489024
1747832240,715521100,47898624
1747832241,754001900,49594368
1747832242,764725900,50114560
1747832243,753494700,52420608
1747832244,774941300,51597312
1747832245,740428500,53407744
1747832246,718161600,51228672
1747832247,1527223500,52977664
1747832248,756079400,53616640
1747832249,734024600,55054336
1747832250,711583500,57274368
1747832251,744287700,56832000
1747832252,739374400,56991744
1747832253,734276100,57782272
1747832254,763002800,59142144
1747832255,717201500,60121088
1747832256,738329800,60907520
1747832257,1459651500,62140416
1747832258,732946600,62234624
1747832259,727070000,62722048
1747832260,695775100,63713280
1747832261,714481700,65032192
1747832262,736224700,65257472
1747832263,413104900,65794048
1747832264,362611400,65183744
1747832265,346990900,65585152
1747832266,384345000,65503232
1747832267,775753400,65785856
1747832268,367063800,66080768
1747832269,376828400,65785856
1747832270,370104300,65839104
1747832271,369779000,65859584
1747832272,369055100,13672448
1747832273,233998000,13815808
1747832274,0,13774848
1747832275,0,13774848
1747832276,264189300,14065664
1747832277,752280300,13729792
1747832278,32654700,13852672
1747832279,0,13852672
1747832280,269737300,19255296
1747832281,440538900,22798336
1747832282,439973100,22798336
1747832283,356584200,23531520
1747832284,53181600,23756800
1747832285,334705600,25448448
1747832286,496523900,31162368
1747832287,932829600,34504704
1747832288,480809700,36298752
1747832289,586001700,42205184
1747832290,714698200,41926656
1747832291,701133100,43712512
1747832292,671318800,44154880
1747832293,556381400,45056000
1747832294,553576500,45072384
1747832295,358773900,45940736
1747832296,185569600,46698496
1747832297,352703800,48218112
1747832298,176141700,49782784
1747832299,144343100,50204672
1747832300,142181100,51093504
1747832301,143574400,51990528
1747832302,141648800,52723712
1747832303,147295200,53964800
1747832304,192775300,52350976
1747832305,150504600,53190656
1747832306,142093500,54296576
1747832307,297677400,55959552
1747832308,150846200,56782848
1747832309,145577500,57552896
1747832310,152292800,58716160
1747832311,150453300,59002880
1747832312,148801400,59662336
1747832313,151792300,49070080
1747832314,176841700,59768832
1747832315,143162700,60964864
1747832316,145810700,61550592
1747832317,293828100,62099456
1747832318,142896100,63041536
1747832319,149870700,63651840
1747832320,147683100,64999424
1747832321,148981300,65036288
1747832322,144674900,65589248
1747832323,147947000,56655872
1747832324,272015600,70291456
1747832325,152451400,70918144
1747832326,149434800,71938048
1747832327,311510800,72814592
1747832328,161401300,73539584
1747832329,159057700,74133504
1747832330,152332200,74801152
1747832331,152120400,75571200
1747832332,155017300,76083200
1747832333,177109300,70365184
1747832334,195423000,74285056
1747832335,161821800,74584064
1747832336,154999700,75460608
1747832337,307575600,77144064
1747832338,310906000,89387008
1747832339,163855600,89841664
1747832340,157018000,90537984
1747832341,145889100,91705344
1747832342,143048700,92676096
1747832343,174197200,89468928
1747832344,199682600,95789056
1747832345,165816900,96686080
1747832346,158365100,97501184
1747832347,157448000,97873920
1747832348,317648600,87609344
1747832349,157129900,88322048
1747832350,151582500,89202688
1747832351,157523000,90341376
1747832352,191223500,91406336
1747832353,196489900,86269952
1747832354,233591600,92471296
1747832355,140836900,92676096
1747832356,144409600,93757440
1747832357,149181800,105816064
1747832358,404186500,104697856
1747832359,149613000,105496576
1747832360,146011800,105574400
1747832361,142649100,106082304
1747832362,145056100,106897408
1747832363,166822200,101924864
1747832364,227075200,106131456
1747832365,143790100,107044864
1747832366,165651100,107479040
1747832367,172385900,120045568
1747832368,324959400,99889152
1747832369,163911100,100454400
1747832370,148138200,100958208
1747832371,156039700,101642240
1747832372,154004500,102940672
1747832373,182536000,98914304
1747832374,163376800,101785600
1747832375,166983100,102531072
1747832376,167852200,103129088
1747832377,347108000,113643520
1747832378,365201500,116494336
1747832379,177766200,117125120
1747832380,171401400,117575680
1747832381,176815100,118136832
1747832382,171514400,118915072
1747832383,198523900,116948992
1747832384,187466700,122736640
1747832385,176132400,123781120
1747832386,175221300,124022784
1747832387,174040800,124612608
1747832388,503221400,125952000
1747832389,178526800,126738432
1747832390,188880700,127426560
1747832391,171590600,127680512
1747832392,177062700,128331776
1747832393,194040800,123564032
1747832394,203040000,129105920
1747832395,175917400,129904640
1747832396,179509000,130965504
1747832397,174220700,130895872
1747832398,352194000,120270848
1747832399,177238800,121126912
1747832400,179011700,121597952
1747832401,178973800,122056704
1747832402,173293400,122810368
1747832403,169328100,112705536
1747832404,173405200,113438720
1747832405,180823600,114065408
1747832406,183546600,114360320
1747832407,170709200,115220480
1747832408,344150800,116580352
1747832409,174012300,116830208
1747832410,180873300,117424128
1747832411,176324900,118210560
1747832412,176467600,118800384
1747832413,171055700,119300096
1747832414,179287500,119873536
1747832415,179001400,120840192
1747832416,127558600,121028608
1747832417,97936200,121757696
1747832418,188576700,123088896
1747832419,96587800,123736064
1747832420,97929500,124227584
1747832421,100807500,124866560
1747832422,100582700,125194240
1747832423,99689700,126332928
1747832424,100811200,126648320
1747832425,100513800,127381504
1747832426,102021200,128159744
1747832427,101146400,128565248
1747832428,204456500,129060864
1747832429,98828400,129691648
1747832430,99011300,130146304
1747832431,107416100,130768896
1747832432,113985200,131624960
1747832433,110426000,132079616
1747832434,107838000,132861952
1747832435,109980600,133607424
1747832436,118766300,134119424
1747832437,118721800,134696960
1747832438,223779300,135720960
1747832439,106577000,136495104
1747832440,109132500,137109504
1747832441,109938000,137539584
1747832442,111695500,137863168
1747832443,109724000,138354688
1747832444,112122800,139108352
1747832445,112073700,139476992
1747832446,113842800,140488704
1747832447,109779200,140722176
1747832448,220896000,141770752
1747832449,112235200,142835712
1747832450,121122900,143101952
1747832451,115984200,143593472
1747832452,126613600,144158720
1747832453,119993300,144674816
1747832454,120130600,145543168
1747832455,118773000,146608128
1747832456,125204600,146939904
1747832457,127710300,147210240
1747832458,138310100,147562496
1747832459,62689700,147787776
1747832460,67253600,147841024
1747832461,75042300,148045824
1747832462,76850000,148004864
1747832463,75203300,148029440
1747832464,82184300,147595264
1747832465,74719400,147877888
1747832466,86959200,148008960
1747832467,91646400,148045824
1747832468,188079000,148373504
1747832469,93588600,148185088
1747832470,100414500,148099072
1747832471,102757900,148131840
1747832472,108293000,148058112
1747832473,108924800,147881984
1747832474,113175400,148123648
1747832475,113875900,148119552
1747832476,124458100,148226048
1747832477,115839300,148197376
1747832478,243732100,148312064
1747832479,125569500,148336640
1747832480,128652200,148402176
1747832481,136103200,147988480
1747832482,136007700,148078592
1747832483,138396900,147832832
1747832484,145174200,148590592
1747832485,144173100,148582400
1747832486,303515900,148459520
1747832487,153321500,148320256
1747832488,157667500,147771392
1747832489,155188000,148246528
1747832490,168129700,147587072
1747832491,165522700,148369408
1747832492,167816700,148631552
1747832493,178589200,148557824
1747832494,188450200,148156416
1747832495,180234500,148217856
1747832496,192958400,148484096
1747832497,190156100,148496384
1747832498,413052900,148525056
1747832499,182508200,148467712
1747832500,200509800,148336640
1747832501,207071200,148676608
1747832502,215209900,148766720
1747832503,214447900,148668416
1747832504,209065200,148557824
1747832505,208581300,148566016
1747832506,219736200,148340736
1747832507,223925600,148598784
1747832508,455160400,148832256
1747832509,234265600,148168704
1747832510,238847400,148656128
1747832511,243407300,148467712
1747832512,243751300,148701184
1747832513,246764600,148615168
1747832514,261651000,148627456
1747832515,270638400,148537344
1747832516,259067600,148828160
1747832517,250491300,148418560
1747832518,504502400,148549632
1747832519,258091600,148811776
1747832520,276382300,148774912
1747832521,275128500,148799488
1747832522,270183500,148656128
1747832523,265289200,148934656
1747832524,136408700,148996096
1747832525,0,148996096
1747832526,0,148996096
1747832527,65765300,149155840
1747832528,189827000,148668416
1747832529,53882600,148811776
1747832530,55267300,148615168
1747832531,61336200,148729856
1747832532,192216200,148631552
1747832533,103008900,148787200
1747832534,81247200,148733952
1747832535,54387300,148848640
1747832536,53547100,148922368
1747832537,208083800,148951040
1747832538,208449000,148893696
1747832539,107378000,148451328
1747832540,69968200,148824064
1747832541,206671900,149065728
1747832542,103541200,149041152
1747832543,103627400,148832256
1747832544,105476900,148897792
1747832545,105777300,149078016
1747832546,292786800,148885504
1747832547,159542800,148750336
1747832548,208781000,148639744
1747832549,102573400,149049344
1747832550,272572200,149073920
1747832551,240851300,148983808
1747832552,104828500,149221376
1747832553,105466500,149270528
1747832554,105488000,149221376
1747832555,232083100,149303296
1747832556,358748000,149286912
1747832557,174888900,149237760
1747832558,108723200,149061632
1747832559,151337400,149356544
1747832560,361926800,149311488
1747832561,321449200,149069824
1747832562,55999800,149209088
1747832563,55342700,149278720
1747832564,91745100,149610496
1747832565,209126300,149270528
1747832566,168568200,148983808
1747832567,145515100,149200896
1747832568,263578000,149315584
1747832569,133128600,148942848
1747832570,134501800,149393408
1747832571,133454800,149463040
1747832572,138063400,149348352
1747832573,97056100,149176320
1747832574,102071400,149626880
1747832575,100994700,149688320
1747832576,113916000,149409792
1747832577,120206600,149516288
1747832578,237345100,149577728
1747832579,112670200,149032960
1747832580,115991300,149217280
1747832581,115906900,149999616
1747832582,125977800,149319680
1747832583,125142800,149352448
1747832584,119031800,149454848
1747832585,128418800,149467136
1747832586,137288700,149155840
1747832587,131940300,149712896
1747832588,263044500,149778432
1747832589,131008200,149549056
1747832590,136170900,149561344
1747832591,143065100,149569536
1747832592,143913200,149532672
1747832593,142869300,149594112
1747832594,141842600,149639168
1747832595,143272900,149524480
1747832596,155476300,149442560
1747832597,157561500,149790720
1747832598,298525400,149835776
1747832599,151665800,149549056
1747832600,156757800,149635072
1747832601,162548100,149741568
1747832602,162058200,149377024
1747832603,160210000,149766144
1747832604,164749700,149958656
1747832605,163357400,150306816
1747832606,188507500,149741568
1747832607,189980400,149831680
1747832608,351871400,149815296
1747832609,184515400,149762048
1747832610,192445000,149860352
1747832611,185443400,149663744
1747832612,95817400,149741568
1747832613,0,149741568
1747832614,0,149741568
1747832615,0,149741568
1747832616,0,149741568
1747832617,0,149741568
1747832618,0,149741568
1747832619,0,149741568
1747832620,0,149741568
1747832745,59806400,3121152
1747832746,39737700,2215936
1747832747,37403200,2228224
1747832748,73015700,4210688
1747832749,108802900,8740864
1747832750,154827500,13926400
1747832751,152456400,14802944
1747832752,268317300,22962176
1747832753,276577200,23343104
1747832754,244950200,22454272
1747832755,251793300,23732224
1747832756,242496400,24674304
1747832757,250383100,28102656
1747832758,1134029400,41902080
1747832759,688626400,43208704
1747832760,680173300,43540480
1747832761,713157200,44695552
1747832762,711632500,45457408
1747832763,706218500,46223360
1747832764,698350200,46411776
1747832765,607667300,47681536
1747832766,565926400,48103424
1747832767,573946200,48738304
1747832768,1185675900,49827840
1747832769,606745400,50110464
1747832770,609770800,51752960
1747832771,609341500,51949568
1747832772,659496100,52305920
1747832773,688633900,53743616
1747832774,688873500,53534720
1747832775,726431500,55013376
1747832776,728012000,55427072
1747832777,734408300,56745984
1747832778,1457233300,57442304
1747832779,729138500,58167296
1747832780,733615600,59572224
1747832781,709424200,61353984
1747832782,716293900,60313600
1747832783,704560000,61521920
1747832784,726256100,61554688
1747832785,713521300,62812160
1747832786,1444347900,63594496
1747832787,715580000,64172032
1747832788,701062200,64974848
1747832789,731176200,65736704
1747832790,720860300,67592192
1747832791,720926700,67354624
1747832792,710746500,68071424
1747832793,545780800,68280320
1747832794,354368500,67907584
1747832795,359171800,67960832
1747832796,354087600,68001792
1747832797,237180800,68345856
1747832798,0,68329472
1747832799,0,68329472
1747832800,0,68329472
1747832801,0,68329472
1747832802,0,13361152
1747832803,0,13361152
1747832804,0,13361152
1747832805,0,13361152
1747832811,78360900,8593408
1747832812,92410200,9924608
1747832813,55330400,10432512
1747832814,53714500,10960896
1747832815,50255300,11227136
1747832816,162057400,18870272
1747832817,269426500,22179840
1747832818,520303300,25907200
1747832819,248492000,27328512
1747832820,247086700,28274688
1747832821,255798300,29036544
1747832822,243113200,29851648
1747832823,255572600,31137792
1747832824,269189700,31764480
1747832825,265325200,32747520
1747832826,292656100,43741184
1747832827,735684900,46571520
1747832828,1447966700,48562176
1747832829,682971200,48754688
1747832830,727230300,49602560
1747832831,734511500,49881088
1747832832,715256600,51314688
1747832833,706925000,51539968
1747832834,730002400,53784576
1747832835,730884100,55418880
1747832836,734847400,53755904
1747832837,727752500,53968896
1747832838,1492728100,55406592
1747832839,717525700,57065472
1747832840,710887000,59318272
1747832841,721912700,58142720
1747832842,730140100,60149760
1747832843,736196600,59072512
1747832844,726892400,60039168
1747832845,718158500,60207104
1747832846,712377400,61231104
1747832847,713344700,61833216
1747832848,1479336400,63410176
1747832849,745224100,64450560
1747832850,693271300,65130496
1747832851,728780500,68308992
1747832852,716450900,67780608
1747832853,725354800,67534848
1747832854,728943300,68575232
1747832855,641207600,69062656
1747832856,356912800,69488640
1747832857,366664600,71323648
1747832858,709372000,68952064
1747832859,355166500,69476352
1747832860,355087900,71385088
1747832861,360083200,69562368
1747832862,350084600,69623808
1747832863,353507800,69451776
1747832864,359515000,13008896
1747832865,363322900,13123584
1747832866,88313100,13008896
1747832867,162662900,12988416
1747832868,177752300,13520896
1747832869,0,13520896
1747832870,0,13520896
1747832871,160375900,20099072
1747832872,432672200,21626880
1747832873,429181300,21884928
1747832874,436618800,22695936
1747832875,406049200,24895488
1747832876,163661600,27250688
1747832877,552442500,32407552
1747832878,926257600,38203392
1747832879,470698100,38354944
1747832880,483771100,39251968
1747832881,790013900,39018496
1747832882,683112100,40148992
1747832883,660142600,43569152
1747832884,459695800,42020864
1747832885,467350900,42344448
1747832886,750895000,42803200
1747832887,668060700,43802624
1747832888,1257302400,45625344
1747832889,659278000,46780416
1747832890,653111600,50397184
1747832891,638674800,50622464
1747832892,636126700,51920896
1747832893,626690000,52539392
1747832894,647472600,53809152
1747832895,628074800,54198272
1747832896,391207400,58040320
1747832897,142337200,58949632
1747832898,281826700,59916288
1747832899,134051000,60805120
1747832900,137397100,61661184
1747832901,138392700,62619648
1747832902,140220400,63045632
1747832903,146045500,64036864
1747832904,140467000,64663552
1747832905,172247900,55148544
1747832906,257142300,62054400
1747832907,136311300,62459904
1747832908,271804300,63905792
1747832909,134965800,64385024
1747832910,139961800,65400832
1747832911,141021600,66220032
1747832912,137074600,67088384
1747832913,137670000,67846144
1747832914,148476900,68407296
1747832915,151510800,57344000
1747832916,141669200,58138624
1747832917,146694700,58720256
1747832918,289807200,59813888
1747832919,164062700,60416000
1747832920,215471100,72998912
1747832921,146239900,73367552
1747832922,150157800,74027008
1747832923,162667600,74698752
1747832924,150714200,75345920
1747832925,272249400,87674880
1747832926,179310000,88543232
1747832927,146075400,88858624
1747832928,287994500,90304512
1747832929,151253900,79687680
1747832930,201939600,91598848
1747832931,152324800,92413952
1747832932,148795700,93118464
1747832933,142024100,94011392
1747832934,143516700,94314496
1747832935,219650800,92815360
1747832936,154452200,93638656
1747832937,151037900,94289920
1747832938,293136000,95621120
1747832939,148260800,84766720
1747832940,178572800,95076352
1747832941,146270300,95629312
1747832942,144793000,95948800
1747832943,152904200,96579584
1747832944,162912700,88485888
1747832945,155209100,89726976
1747832946,155274000,90058752
1747832947,150232000,90578944
1747832948,327250500,91951104
1747832949,178387400,89239552
1747832950,191571200,93671424
1747832951,149864400,94068736
1747832952,155553900,94646272
1747832953,192257000,95920128
1747832954,187410800,97030144
1747832955,144506200,97308672
1747832956,144336700,97837056
1747832957,139549200,98496512
1747832958,284090400,99606528
1747832959,147229500,91250688
1747832960,148189200,91553792
1747832961,142116700,92651520
1747832962,146181200,93028352
1747832963,143401200,93802496
1747832964,148193600,94384128
1747832965,194272100,105541632
1747832966,147196100,106315776
1747832967,146663200,106921984
1747832968,147231100,107634688
1747832969,341307000,117891072
1747832970,152949500,118259712
1747832971,163811700,119013376
1747832972,159992100,119603200
1747832973,161335200,120119296
1747832974,166373600,109719552
1747832975,265581800,122155008
1747832976,164407600,122724352
1747832977,320843100,123863040
1747832978,-1622590800,107831296
1747832979,1997691100,127336448
1747832980,164476800,128270336
1747832981,170427100,129060864
1747832982,163873900,129347584
1747832983,167343700,130060288
1747832984,166419100,118988800
1747832985,176133300,119922688
1747832986,171998400,120061952
1747832987,167881500,120872960
1747832988,165041100,132517888
1747832989,324821500,110977024
1747832990,171417100,111476736
1747832991,168875400,112336896
1747832992,167648100,112766976
1747832993,157083700,113369088
1747832994,163118700,114274304
1747832995,162363800,114470912
1747832996,171037700,115765248
1747832997,178531600,115994624
1747832998,164898200,116842496
1747832999,329192900,117465088
1747833000,167293000,118116352
1747833001,165808400,118628352
1747833002,169354100,119664640
1747833003,162710100,119975936
1747833004,168421200,120573952
1747833005,161141300,121307136
1747833006,169725000,121724928
1747833007,175384400,122511360
1747833008,171326200,122863616
1747833009,364036600,124186624
1747833010,184482000,124989440
1747833011,188102600,125673472
1747833012,165472100,125960192
1747833013,168649400,127193088
1747833014,173233000,127254528
1747833015,169115300,127881216
1747833016,176765400,128266240
1747833017,130006800,128819200
1747833018,94638500,129282048
1747833019,197343500,131223552
1747833020,94383300,131158016
1747833021,95738700,131604480
1747833022,99566200,132177920
1747833023,108096900,132820992
1747833024,106707900,133709824
1747833025,114690800,134123520
1747833026,109295600,134635520
1747833027,104713100,135045120
1747833028,107063500,136216576
1747833029,205362700,136810496
1747833030,103987400,137412608
1747833031,105606000,138055680
1747833032,98540900,138801152
1747833033,101446000,139382784
1747833034,100768300,140333056
1747833035,102785700,140574720
1747833036,107484500,141348864
1747833037,112935100,141533184
1747833038,99548300,142139392
1747833039,214257600,143405056
1747833040,107502800,143708160
1747833041,109286200,144334848
1747833042,109328800,145047552
1747833043,108467100,145797120
1747833044,108918400,146325504
1747833045,108239700,146636800
1747833046,110439300,147623936
1747833047,113124300,148393984
1747833048,111020200,148451328
1747833049,223455400,148082688
1747833050,110608700,147636224
1747833051,114317500,147578880
1747833052,111464000,147968000
1747833053,114457300,147902464
1747833054,110272200,147886080
1747833055,109500800,148086784
1747833056,108196700,148054016
1747833057,115509900,148074496
1747833058,113020300,147791872
1747833059,135037700,148148224
1747833060,61303700,148189184
1747833061,62968500,148262912
1747833062,64485500,148156416
1747833063,66933800,147935232
1747833064,70415600,148082688
1747833065,69399800,148238336
1747833066,77046400,147992576
1747833067,79418400,148217856
1747833068,85220000,148156416
1747833069,174374600,148140032
1747833070,91289700,148148224
1747833071,98212700,148410368
1747833072,112355000,147505152
1747833073,106997900,148254720
1747833074,104197300,148406272
1747833075,101803100,148291584
1747833076,110877900,148434944
1747833077,114613000,148570112
1747833078,119008400,148496384
1747833079,242178200,148410368
1747833080,121057900,148209664
1747833081,125925700,147959808
1747833082,130021400,148201472
1747833083,137505300,148410368
1747833084,137195900,147992576
1747833085,136989500,148787200
1747833086,286044900,148201472
1747833087,151021900,147759104
1747833088,154777300,148271104
1747833089,152783800,148185088
1747833090,159225100,148283392
1747833091,157636200,148094976
1747833092,162301800,148082688
1747833093,171179100,148348928
1747833094,172861000,148201472
1747833095,173035900,148381696
1747833096,180373600,148320256
1747833097,182434000,148389888
1747833098,195784300,148328448
1747833099,401536700,148377600
1747833100,206085900,148807680
1747833101,207158600,148705280
1747833102,207667800,148484096
1747833103,210559300,148504576
1747833104,212664900,148656128
1747833105,212032100,148426752
1747833106,217451200,148582400
1747833107,224944900,148566016
1747833108,225818900,148770816
1747833109,436863900,148606976
1747833110,232173500,148627456
1747833111,233391200,148746240
1747833112,237056000,148905984
1747833113,245547800,148656128
1747833114,229647300,148582400
1747833115,239226100,148455424
1747833116,246447400,148549632
1747833117,251141200,148709376
1747833118,257314300,148717568
1747833119,503734100,148819968
1747833120,261338000,148619264
1747833121,260672400,148520960
1747833122,267258700,148684800
1747833123,257554800,148770816
1747833124,177564600,148619264
1747833125,0,148619264
1747833126,0,148619264
1747833127,0,148619264
1747833128,114870800,149164032
1747833129,152059600,149053440
1747833130,52984200,148910080
1747833131,52999500,149069824
1747833132,167806800,148660224
1747833133,104886700,148856832
1747833134,107482900,148623360
1747833135,64687700,148557824
1747833136,54750400,148672512
1747833137,194623300,148803584
1747833138,102434100,149008384
1747833139,203463100,148811776
1747833140,74828100,148721664
1747833141,170093800,148856832
1747833142,159937500,149188608
1747833143,106724800,148590592
1747833144,102138100,148619264
1747833145,100599300,148537344
1747833146,140170900,148488192
1747833147,245894700,149176320
1747833148,100678000,149184512
1747833149,207844100,149213184
1747833150,117094900,149291008
1747833151,342948600,149176320
1747833152,103889200,149106688
1747833153,101051900,149229568
1747833154,102692000,148959232
1747833155,98965600,149192704
1747833156,366876600,149057536
1747833157,251700000,148549632
1747833158,104198100,148750336
1747833159,133124800,149331968
1747833160,317309400,149110784
1747833161,335936500,149082112
1747833162,171233300,149217280
1747833163,51776100,148869120
1747833164,54276400,149176320
1747833165,190819900,149213184
1747833166,221992800,149143552
1747833167,143170000,149245952
1747833168,256605200,149524480
1747833169,130486900,149319680
1747833170,130165300,148774912
1747833171,128083200,149606400
1747833172,126631800,149553152
1747833173,113956200,149352448
1747833174,96991000,149409792
1747833175,95704200,149532672
1747833176,97952700,149504000
1747833177,99538400,149565440
1747833178,108065100,149540864
1747833179,215593200,149360640
1747833180,105184900,149684224
1747833181,112469300,149782528
1747833182,115379600,149995520
1747833183,120674200,149635072
1747833184,117705300,149331968
1747833185,121424600,149364736
1747833186,125072500,149577728
1747833187,124575200,149430272
1747833188,129234800,149540864
1747833189,251265300,149741568
1747833190,125572300,149778432
1747833191,138296200,149757952
1747833192,139804500,150097920
1747833193,135195700,149606400
1747833194,132311300,149630976
1747833195,141637400,149704704
1747833196,155284900,149868544
1747833197,161919600,149676032
1747833198,144890800,149745664
1747833199,301335600,149803008
1747833200,138015300,149921792
1747833201,153672900,149708800
1747833202,156636500,149704704
1747833203,156091900,150020096
1747833204,155863400,149839872
1747833205,158550500,149565440
1747833206,165128200,149901312
1747833207,172638800,149794816
1747833208,164383400,150032384
1747833209,338257100,149630976
1747833210,168562100,149983232
1747833211,174884300,150200320
1747833212,172978000,150261760
1747833213,179676400,149913600
1747833214,187662000,149848064
1747833215,190784300,149917696
1747833216,192949700,149925888
1747833217,186286500,150052864
1747833218,192285200,150044672
1747833219,403412700,150118400
1747833220,195497300,149843968
1747833221,196304400,150147072
1747833222,205111900,150237184
1747833223,204924300,150335488
1747833224,207442000,150773760
1747833225,213969200,149843968
1747833226,208438900,149889024
1747833227,214745200,150085632
1747833228,199153900,150196224
1747833229,464185500,149819392
1747833230,217482800,150159360
1747833231,225231600,150282240
1747833232,230700700,150368256
1747833233,231235600,149970944
1747833234,233669500,150302720
1747833235,225598500,150163456
1747833236,226792700,150519808
1747833237,183509900,150388736
1747833238,0,150388736
1747833239,268648400,150253568
1747833240,111847500,150151168
1747833241,57051800,150257664
1747833242,54342700,149471232
1747833243,8432300,149520384
1747833244,244857400,150384640
1747833245,98135000,150581248
1747833246,53576400,150515712
1747833247,52612700,150298624
1747833248,581300,150302720
1747833249,331037500,150380544
1747833250,68685600,150437888
1747833251,55674900,150319104
1747833252,11946000,150392832
1747833253,99645200,150347776
1747833254,133115300,150376448
1747833255,108961400,150859776
1747833256,101334400,150843392
1747833257,104729700,150913024
1747833258,179583300,150552576
1747833259,270793200,150310912
1747833260,104267100,150589440
1747833261,105259100,150564864
1747833262,147083700,150605824
1747833263,190854100,150331392
1747833265,205687100,150450176
1747833266,104369600,150409216
1747833267,129495300,150622208
1747833268,329927300,150687744
1747833269,233507300,150536192
1747833270,98851000,150532096
1747833271,75220700,150630400
1747833272,220788000,150818816
1747833273,171428800,150351872
1747833275,320417500,151007232
1747833276,143093300,150933504
1747833277,249079700,150888448
1747833278,121701400,150831104
1747833279,85882400,150904832
1747833280,90071600,150908928
1747833281,90090600,151150592
1747833282,90266400,150876160
1747833283,98575500,150933504
1747833284,100145800,150888448
1747833285,105582100,150716416
1747833286,98799600,150736896
1747833287,100640800,151044096
1747833288,98344800,151109632
1747833289,222118900,150941696
1747833290,127165700,151035904
1747833291,115124800,150966272
1747833292,119611300,150966272
1747833293,129045600,150990848
1747833294,133496300,151154688
1747833295,124181400,151142400
1747833296,126748400,151302144
1747833297,133915400,150990848
1747833298,137089500,151232512
1747833299,284202100,150949888
1747833300,134577300,151179264
1747833301,140997200,151146496
1747833302,146814800,151203840
1747833303,149478400,151400448
1747833304,147300800,151306240
1747833305,137429000,151158784
1747833306,141471100,151166976
1747833307,148024800,151105536
1747833308,153578900,151285760
1747833309,311907200,151240704
1747833310,155486200,151359488
1747833311,157151900,151445504
1747833312,160968100,151363584
1747833313,163874600,151441408
1747833314,153320100,151494656
1747833315,154920600,151339008
1747833316,157441800,151662592
1747833317,161452100,151506944
1747833318,166190900,151359488
1747833319,345712800,151220224
1747833320,178658700,151588864
1747833321,173301400,151269376
1747833322,174103500,151420928
1747833323,173790600,152170496
1747833324,165630100,151642112
1747833325,168374700,151425024
1747833326,172532000,151707648
1747833327,172393200,151805952
1747833328,179274500,151416832
1747833329,336702300,151592960
1747833330,177926400,151633920
1747833331,184539700,151662592
1747833332,192739000,151724032
1747833333,179426100,151502848
1747833334,179473200,151760896
1747833335,188675300,151752704
1747833336,195001700,151781376
1747833337,195913300,151642112
1747833338,181429900,151613440
1747833339,398422000,151711744
1747833340,199397700,151973888
1747833341,210581600,151801856
1747833342,192488600,151949312
1747833343,204926900,151801856
1747833344,205806500,151896064
1747833345,215317100,152137728
1747833346,99903700,152190976
1747833347,246415200,151846912
1747833348,220693400,152150016
1747833349,53637600,152166400
1747833350,0,152166400
1747833351,305188800,152043520
1747833352,170082400,151875584
1747833353,54894300,152072192
1747833354,46623800,151728128
1747833355,0,151728128
1747833356,312280800,152010752
1747833357,98304900,151994368
1747833358,53634000,152023040
1747833359,38529000,151932928
1747833360,240218200,152166400
1747833361,155185200,152162304
1747833362,52724100,151883776
1747833363,14269900,152006656
1747833364,0,152006656
1747833365,196007800,152014848
1747833366,192391600,152330240
1747833367,93743000,151916544
1747833368,36612900,152092672
1747833369,176512800,152113152
1747833370,261772800,152281088
1747833371,96573300,152330240
1747833372,32038700,152432640
1747833373,0,152432640
1747833374,142551500,152047616
1747833375,214605000,152502272
1747833376,105636100,152416256
1747833377,101006100,152281088
1747833378,75021800,152207360
1747833379,343700600,152604672
1747833380,103029700,152498176
1747833381,105159500,152391680
1747833382,97258400,152420352
1747833383,33109800,152428544
1747833384,231666000,152686592
1747833385,104320900,152645632
1747833386,205599500,152399872
1747833387,102530000,152412160
1747833388,360246100,152330240
1747833389,113006000,152461312
1747833390,107539400,152530944
1747833391,106921700,152588288
1747833392,102848500,152559616
1747833393,357113500,152780800
1747833394,201657300,152637440
1747833395,98722700,152625152
1747833396,98175400,152678400
1747833397,98661200,152662016
1747833398,328358700,152969216
1747833399,485455200,152850432
1747833400,103001200,152924160
1747833401,59227300,152633344
1747833402,163956500,152588288
1747833403,138558900,152637440
1747833404,110411600,152662016
1747833405,91267900,152772608
1747833406,82809000,152977408
1747833407,82268900,152850432
1747833408,74430200,152739840
1747833409,150849400,152756224
1747833410,117387000,24281088
1747833411,92429500,26378240
1747833412,72437700,26398720
1747833413,71880500,26423296
1747833414,76607300,26443776
1747833415,74688000,26451968
1747833416,165022500,35192832
1747833417,118089100,35950592
1747833418,75693800,36323328
1747833419,153573900,36032512
1747833420,78873300,28512256
1747833421,122692500,36614144
1747833422,210506800,40755200
1747833423,190997600,41656320
1747833424,176072700,42954752
1747833425,79735000,42647552
1747833426,56804800,33198080
1747833427,32075000,33202176
1747833428,33597800,33267712
1747833429,206555500,42881024
1747833430,169155600,46247936
1747833431,166996100,48029696
1747833432,167134300,49025024
1747833433,172622800,36409344
1747833434,169888700,37490688
1747833435,168471700,38068224
1747833436,165445800,38985728
1747833437,164622800,40411136
1747833438,162663000,41234432
1747833439,340766400,43274240
1747833440,167152700,44347392
1747833441,166055900,45715456
1747833442,162223200,47058944
1747833443,178059400,47599616
1747833444,181364400,48824320
1747833445,177188900,50077696
1747833446,154769800,50913280
1747833447,144182500,51224576
1747833448,140322400,51867648
1747833449,290858200,53731328
1747833450,144607100,54419456
1747833451,139894500,55492608
1747833452,141831500,57004032
1747833453,153414000,57237504
1747833454,147741100,57847808
1747833455,142079700,58814464
1747833456,144217600,59478016
1747833457,147826000,60538880
1747833458,151182800,61431808
1747833459,301546900,63209472
1747833460,148033900,63520768
1747833461,147739300,64532480
1747833462,147716800,65376256
1747833463,143626500,66097152
1747833464,150679100,66850816
1747833465,159211400,67923968
1747833466,152997900,68784128
1747833467,151227800,69832704
1747833468,289497100,71462912
1747833469,148749800,71970816
1747833470,153724300,72724480
1747833471,134909900,73560064
1747833472,143702400,74420224
1747833473,143714100,75452416
1747833474,143405900,76320768
1747833475,149958400,76988416
1747833476,145352700,77635584
1747833477,149179100,78553088
1747833478,194790500,80130048
1747833479,239966200,81539072
1747833480,0,81498112
1747833481,153807200,82526208
1747833482,220917300,84021248
1747833483,118147300,84561920
1747833484,19924600,84549632
1747833485,0,84549632
1747833486,126957700,85540864
1747833487,77653400,85729280
1747833488,53838100,86171648
1747833489,108889900,86622208
1747833490,142323100,88195072
1747833491,290917600,89653248
1747833492,57699700,90161152
1747833493,55393000,90370048
1747833494,52831300,90603520
1747833495,126704500,91369472
1747833496,300004600,93298688
1747833497,148356200,93638656
1747833498,56935200,94343168
1747833499,138941700,95543296
1747833500,268990600,97222656
1747833501,202407800,98115584
1747833502,75763000,98586624
1747833503,55865200,99078144
1747833504,52390700,99295232
1747833505,269011600,100691968
1747833506,223023800,101613568
1747833507,52816800,102404096
1747833508,55805000,102461440
1747833509,310867800,104325120
1747833510,192961000,105549824
1747833511,56621400,105615360
1747833512,55564900,105938944
1747833513,55564900,106508288
1747833514,238222600,107679744
1747833515,221839100,108990464
1747833516,53998400,109322240
1747833517,55262300,109260800
1747833518,55224900,109801472
1747833519,485751500,112566272
1747833520,125112300,113790976
1747833521,56831900,113729536
1747833522,55202700,114020352
1747833523,211576700,115830784
1747833524,250242400,117264384
1747833525,132766800,118071296
1747833526,52754900,118603776
1747833527,55219900,119005184
1747833528,174821600,119742464
1747833529,407307500,122060800
1747833530,54117100,122089472
1747833531,54680400,122638336
1747833532,138921100,123842560
1747833533,291157200,125165568
1747833534,189461100,126144512
1747833535,53428700,126492672
1747833536,54997900,127213568
1747833537,95403700,127582208
1747833538,329737500,129691648
1747833539,229688200,131264512
1747833540,53874900,131559424
1747833541,54595500,131624960
1747833542,227864100,132726784
1747833543,53747700,133242880
1747833544,54019300,133586944
1747833545,57133500,134057984
1747833546,53799400,134275072
1747833547,280920900,136298496
1747833548,111787300,136302592
1747833549,111543000,137146368
1747833550,56007400,137547776
1747833551,264678000,138960896
1747833552,195515600,139718656
1747833553,54303400,140058624
1747833554,55235200,140664832
1747833555,55299100,140677120
1747833556,217933300,142254080
1747833557,217527300,143368192
1747833558,57612300,143568896
1747833559,112059200,144441344
1747833560,193391400,145461248
1747833561,263391100,146890752
1747833562,90994100,147505152
1747833563,55332300,147980288
1747833564,55915000,148189184
1747833565,192714600,148938752
1747833566,215141000,149753856
1747833567,104035300,150253568
1747833568,102731900,150806528
1747833569,236074600,152330240
1747833570,234007800,152735744
1747833571,104257700,153223168
1747833572,101693500,153894912
1747833573,102539500,154124288
1747833574,124261700,154267648
1747833575,359643500,154472448
1747833576,103300900,154234880
1747833577,155402100,154341376
1747833578,105327400,154365952
1747833580,571823700,154558464
1747833581,106649500,154431488
1747833582,15280500,154480640
1747833583,0,154480640
1747833584,382047700,154497024
1747833585,170857100,154312704
1747833586,90756900,154550272
1747833587,0,154550272
1747833588,0,154550272
1747833589,309401000,154738688
1747833590,201655200,154632192
1747833591,53604800,154644480
1747833592,55997500,154697728
1747833593,282843700,154656768
1747833594,238691000,154918912
1747833595,58234300,154738688
1747833596,55026600,154755072
1747833597,54665600,154824704
1747833598,249233300,154714112
1747833599,102347000,155045888
1747833600,114247100,155119616
1747833601,57151100,155103232
1747833602,213999900,155000832
1747833603,167459800,155160576
1747833604,58450300,155107328
1747833605,56089300,155115520
1747833606,17747400,155119616
1747833607,131696800,155172864
1747833608,236999200,154787840
1747833609,66842200,154873856
1747833610,102016400,155013120
1747833611,87034800,155017216
1747833612,258643200,154980352
1747833613,100148400,155197440
1747833614,54032500,155205632
1747833615,10884900,155209728
1747833616,28023000,154935296
1747833617,228345800,155242496
1747833618,99961800,155398144
1747833619,61927600,155291648
1747833620,48496200,155045888
1747833621,290434900,155172864
1747833622,103962700,155217920
1747833623,53658700,155332608
1747833624,4965700,155336704
1747833625,0,155336704
1747833626,287681100,155418624
1747833627,108181200,155275264
1747833628,95484400,155328512
1747833629,68133300,155070464
1747833630,283862900,155369472
1747833631,197383200,155729920
1747833632,99816700,155537408
1747833633,102988600,155668480
1747833634,19030700,155648000
1747833635,234675900,155766784
1747833636,258349300,155656192
1747833637,100465300,155758592
1747833638,100030000,155693056
1747833639,34419500,155578368
1747833640,487881100,155693056
1747833641,103866900,155512832
1747833642,63558700,155668480
1747833643,0,155668480
1747833644,155235300,155779072
1747833645,309231500,155734016
1747833646,103945900,155656192
1747833647,4881800,155533312
1747833648,0,155533312
1747833649,101886100,155717632
1747833650,496962300,156164096
1747833651,51155600,155967488
1747833652,0,155967488
1747833653,56944600,156004352
1747833654,291007000,155807744
1747833655,99047400,155951104
1747833656,29785100,155971584
1747833657,0,155971584
1747833658,0,155971584
1747833659,383661600,155693056
1747833660,134889600,156037120
1747833661,0,156037120
1747833662,0,156037120
1747833663,295148200,155807744
1747833664,101021700,156008448
1747833665,86828100,155783168
1747833666,13600600,155590656
1747833667,0,155590656
1747833668,276423000,156123136
1747833669,104100500,156037120
1747833670,122755700,156368896
1747833671,0,156368896
1747833672,142562400,156094464
1747833673,100886100,155820032
1747833674,105685000,156102656
1747833675,66025200,156119040
1747833676,42639400,156000256
1747833677,208715900,156213248
1747833678,108713500,156209152
1747833679,98248800,155959296
1747833680,91392600,156098560
1747833681,145022200,156614656
1747833682,149724100,156110848
1747833683,97712300,156102656
1747833684,52221800,156110848
1747833685,43488800,156127232
1747833686,118419900,155967488
1747833687,373633000,156360704
1747833688,84335600,156291072
1747833689,54991700,156250112
1747833690,88845000,156594176
1747833691,373614100,156418048
1747833692,103184900,156483584
1747833693,105420600,156446720
1747833694,56515300,156454912
1747833695,37932300,156712960
1747833696,403040800,156950528
1747833697,91640200,156434432
1747833698,53340600,156446720
1747833699,56296500,156782592
1747833700,418896100,156598272
1747833701,93672000,156528640
1747833702,54645200,156536832
1747833703,52883500,156545024
1747833704,53902600,156557312
1747833705,328338600,156672000
1747833706,187085700,156733440
1747833707,51932800,156758016
1747833708,54230600,156770304
1747833709,54387100,156778496
1747833710,418806800,156844032
1747833711,53361400,156950528
1747833712,53469000,156831744
1747833713,31063400,156835840
1747833715,389890900,157188096
1747833716,56459600,156934144
1747833717,49817800,156942336
1747833718,0,156942336
1747833719,182879900,157028352
1747833720,271861400,156766208
1747833721,42006200,156774400
1747833722,0,156774400
1747833723,137148000,157011968
1747833724,194651500,157028352
1747833725,98839300,157581312
1747833726,50525100,157085696
1747833727,0,157085696
1747833728,93832800,157126656
1747833729,155823800,157196288
1747833730,152109000,156987392
1747833731,0,156987392
1747833732,22256800,157233152
1747833733,240322400,157130752
1747833734,109590000,157200384
1747833735,105935700,156549120
1747833736,87656000,156766208
1747833737,5298100,156766208
1747833738,274060000,157163520
1747833739,100200400,157261824
1747833740,130599300,157257728
1747833742,307903100,157372416
1747833743,119884000,157081600
1747833744,5925200,157081600
1747833745,0,157081600
1747833746,0,157081600
1747833747,249847200,157700096
1747833748,243958800,157396992
1747833749,105505400,157351936
1747833750,72468300,157519872
1747833751,225558300,157556736
1747833752,282089700,157487104
1747833753,104832300,156917760
1747833754,27924000,157069312
1747833755,0,157069312
1747833756,156295000,157696000
1747833757,318386300,157392896
1747833758,106377900,157573120
1747833759,43669200,157560832
1747833760,132865500,157462528
1747833761,347135700,157466624
1747833762,124887300,157601792
1747833763,61074300,157667328
1747833764,0,157667328
1747833765,94273300,157855744
1747833766,346437700,157507584
1747833767,97801700,157630464
1747833768,21523000,157564928
1747833769,44452900,157810688
1747833770,313062200,157732864
1747833771,76001500,157663232
1747833772,8019600,157708288
1747833773,0,157708288
1747833774,0,157708288
1747833775,279610600,157978624
1747833776,105201800,157790208
1747833777,59570800,157667328
1747833778,15171700,157622272
1747833779,0,157622272
1747833780,419866600,157720576
1747833781,78274700,157745152
1747833782,0,157745152
1747833783,0,157745152
1747833784,208786300,157896704
1747833785,103383000,157794304
1747833786,73080700,157798400
1747833787,0,157798400
1747833788,0,157798400
1747833789,238763900,157945856
1747833790,166518700,157954048
1747833791,27456500,157962240
1747833792,0,157962240
1747833793,204438700,158126080
1747833794,135374800,158126080
1747833795,103129800,158121984
1747833797,128105600,158494720
1747833798,160095500,158228480
1747833799,213970700,158040064
1747833800,126987300,158150656
1747833801,55861000,158167040
1747833802,112357200,158244864
1747833803,269771700,158244864
1747833804,53623700,158253056
1747833805,35353500,158261248
1747833806,0,158261248
1747833807,76760200,158146560
1747833808,349922700,158416896
1747833809,80643500,158416896
1747833810,110581800,158433280
1747833811,62279700,158609408
1747833812,384091400,158392320
1747833813,89329400,157966336
1747833814,55564200,157974528
1747833815,57727000,158023680
1747833816,5001100,158027776
1747833817,250793400,158298112
1747833818,235602900,158363648
1747833819,83238800,158617600
1747833820,94360600,158781440
1747833821,323688100,158785536
1747833822,162452000,158519296
1747833824,101057300,158502912
1747833825,0,158502912
1747833826,242461800,158998528
1747833827,168757800,158699520
1747833828,50964200,158408704
1747833829,0,158408704
1747833830,218298300,158715904
1747833831,122859100,158392320
1747833832,38209700,158404608
1747833833,0,158404608
1747833834,0,158404608
1747833835,164673800,158777344
1747833836,171163000,158654464
1747833837,102563200,158785536
1747833838,37120700,158662656
1747833839,0,158662656
1747833840,261666600,158851072
1747833841,52928800,158765056
1747833842,57026600,158924800
1747833843,44241300,158879744
1747833844,82694900,158658560
1747833845,215300800,159043584
1747833846,80854600,159076352
1747833847,57871900,159047680
1747833848,11200100,159105024
1747833849,30393200,159035392
1747833850,251263100,159240192
1747833851,148063500,159010816
1747833852,44578800,159064064
1747833853,0,159064064
1747833854,334974700,158994432
1747833855,104474500,159027200
1747833856,110453700,159219712
1747833857,52970800,158900224
1747833858,0,158900224
1747833859,318703100,159301632
1747833860,204839100,158801920
1747833861,16362900,158896128
1747833862,0,158896128
1747833863,276935200,159469568
1747833864,170620400,158973952
1747833865,54616700,158896128
1747833866,50189400,158859264
1747833867,0,158859264
1747833868,219343900,159432704
1747833869,233279500,158892032
1747833870,121903500,159010816
1747833871,9682300,158765056
1747833872,179886900,158810112
1747833873,233159100,159158272
1747833874,56403700,159178752
1747833875,55936100,159195136
1747833876,7993100,158994432
1747833877,136667000,159129600
1747833878,370717900,159023104
1747833879,56396600,158879744
1747833880,27930500,159039488
1747833881,93028200,159240192
1747833882,253376300,159342592
1747833883,56313600,159645696
1747833884,55498800,159485952
1747833886,61859900,159600640
1747833887,237726000,159408128
1747833888,53955600,159240192
1747833889,54706600,159432704
1747833890,20877200,158969856
1747833891,290646800,159469568
1747833892,65767200,159178752
1747833893,45989500,159531008
1747833894,0,159531008
1747833895,0,159531008
1747833896,237125200,159571968
1747833897,85891000,159547392
1747833898,55750400,159498240
1747833899,18126900,159395840
1747833900,243257100,159420416
1747833901,104182100,159367168
1747833902,66776900,159428608
1747833903,41125000,159043584
1747833904,0,159043584
1747833906,339313800,159113216
1747833907,59306000,159453184
1747833908,35076000,159330304
1747833909,0,159330304
1747833910,409215300,159576064
1747833911,68871700,159543296
1747833912,59231300,159531008
1747833913,41131100,159436800
1747833914,158761200,159612928
1747833915,252951900,159637504
1747833916,92064700,159457280
1747833917,51621600,159694848
1747833918,56114100,159739904
1747833919,106963700,159588352
1747833920,384901700,159764480
1747833921,57047700,159850496
1747833922,14841700,159813632
1747833923,67817500,159670272
1747833924,217087800,159571968
1747833925,102410800,159637504
1747833926,44237000,159485952
1747833927,0,159485952
1747833928,2322100,159485952
1747833929,241376900,159559680
1747833930,69342200,164970496
1747833931,56751700,168132608
1747833933,239667300,168046592
1747833934,53964300,168054784
1747833935,55397600,34119680
1747833936,54058000,34148352
1747833937,56561400,34156544
1747833938,122292800,34295808
1747833939,116265800,34291712
1747833940,198738200,34422784
1747833941,57803200,173846528
1747833942,96530200,33861632
1747833943,73140700,33873920
1747833944,56429000,34066432
1747833945,55665200,34201600
1747833946,50700500,34086912
1747833947,108777600,41488384
1747833948,207204600,46514176
1747833949,215424800,47439872
1747833950,219234800,48717824
1747833951,175384600,42024960
1747833952,170794500,42590208
1747833953,55988100,43212800
1747833954,57142800,43679744
1747833955,55264900,43732992
1747833956,166369400,44875776
1747833957,167503200,45379584
1747833958,106520200,45875200
1747833959,55580700,46329856
1747833960,182740100,47513600
1747833961,220834800,48480256
1747833962,93966000,49197056
1747833963,57298500,48947200
1747833964,56580500,49307648
1747833965,81375000,49778688
1747833966,307613800,51810304
1747833967,108166700,51871744
1747833968,67818800,52297728
1747833969,19985700,52432896
1747833970,344626500,53948416
1747833971,149110800,54558720
1747833972,59609900,54841344
1747833973,54169800,55201792
1747833974,9649800,55263232
1747833975,301478300,56688640
1747833976,189425600,57479168
1747833977,62981100,57454592
1747833978,31802700,57663488
1747833979,0,57626624
1747833980,351079700,59158528
1747833981,73530800,59568128
1747833982,24277800,59531264
1747833983,0,59531264
1747833984,222451000,60813312
1747833985,144801600,61218816
1747833986,0,61218816
1747833987,0,61218816
1747833988,150860100,61849600
1747833989,92927800,62087168
1747833990,0,62087168
1747833991,0,62087168
1747833992,0,62087168
1747833993,121089000,62816256
1747833994,115452700,62914560
1747833995,18313400,63041536
1747833996,0,63041536
1747833997,0,63041536
1747833998,76393600,63381504
1747833999,156549500,63885312
1747834000,11932300,63938560
1747834001,0,63938560
1747834002,42316400,63860736
1747834003,214460500,64917504
1747834004,44636700,65212416
1747834005,0,65212416
1747834006,0,65212416
1747834007,0,65212416
1747834008,327570300,66998272
1747834009,229358900,67567616
1747834010,103627600,68042752
1747834011,0,68042752
1747834012,309721300,69079040
1747834013,127497200,69558272
1747834015,40320900,69804032
1747834016,0,69804032
1747834017,273960000,71843840
1747834018,118965100,71507968
1747834019,71194200,71655424
1747834020,107610800,72204288
1747834021,238669300,73854976
1747834022,164077700,74358784
1747834023,86817800,74776576
1747834024,54908700,74944512
1747834025,34546000,75165696
1747834026,200712200,76390400
1747834027,229269400,77168640
1747834028,103328800,77398016
1747834029,53583600,77344768
1747834030,151689900,78467072
1747834031,303547700,79269888
1747834032,105156000,79908864
1747834033,63775900,79925248
1747834034,0,79925248
1747834035,105429200,80572416
1747834036,226035700,81211392
1747834037,101801800,81313792
1747834038,8339900,81313792
1747834039,0,81313792
1747834040,355430500,83279872
1747834042,85855500,83759104
1747834043,0,83759104
1747834044,3146500,83779584
1747834045,223111700,84443136
1747834046,0,84443136
1747834047,0,84443136
1747834048,0,84443136
1747834049,0,84443136
1747834050,240655200,85651456
1747834051,0,85651456
1747834052,0,85651456
1747834053,0,85651456
1747834054,191086200,86536192
1747834055,49724100,86667264
1747834056,0,86667264
1747834057,0,86667264
1747834058,0,86667264
1747834059,210113000,87388160
1747834060,90305800,87736320
1747834061,0,87736320
1747834062,0,87736320
1747834063,212018300,88481792
1747834064,264143700,89960448
1747834065,26433500,90034176
1747834066,0,90034176
1747834067,0,90034176
1747834068,161905100,90624000
1747834069,336631100,91934720
1747834070,18563500,92151808
1747834071,0,92151808
1747834072,124863600,92819456
1747834073,212106500,93753344
1747834074,99591200,94011392
1747834075,6378000,94011392
1747834076,0,94011392
1747834077,86618900,94507008
1747834078,247009500,95449088
1747834079,100969800,95789056
1747834080,147864900,96280576
1747834081,26038400,96423936
1747834082,336609300,98234368
1747834083,103175300,98471936
1747834084,100564000,98947072
1747834085,16528200,98922496
1747834086,0,98922496
1747834087,343612300,100618240
1747834088,125776400,101269504
1747834089,102130200,101568512
1747834090,6699300,101453824
1747834091,277131400,103043072
1747834092,102863300,103198720
1747834093,83074200,103632896
1747834094,0,103632896
1747834095,0,103632896
1747834097,419022400,105373696
1747834098,62941000,105402368
1747834099,0,105402368
1747834100,206168500,106700800
1747834101,58019500,106799104
1747834102,0,106799104
1747834103,0,106799104
1747834104,0,106799104
1747834105,137006300,107581440
1747834106,94448400,107921408
1747834107,5325000,107962368
1747834108,0,107962368
1747834109,0,107962368
1747834110,155129100,108650496
1747834111,0,108650496
1747834112,0,108650496
1747834113,0,108650496
1747834114,88557800,109121536
1747834115,126089400,109539328
1747834116,2646800,109555712
1747834117,0,109555712
1747834118,0,109555712
1747834119,44227900,110338048
1747834120,347987700,111534080
1747834121,25067600,111652864
1747834122,0,111652864
1747834124,8074700,111366144
1747834125,10630000,111267840
1747834126,8060600,111296512
1747834127,13901600,111460352
1747834128,11369600,111370240
1747834129,22536100,111607808
1747834130,20493300,111517696
1747834131,7516800,111685632
1747834132,5646300,111624192
1747834133,5051600,111656960
1747834134,2719900,111673344
1747834135,811600,111673344
1747834136,0,111673344
1747834137,0,111673344
1747834138,0,111673344
1747834139,0,111673344
1747834140,0,111673344
1747834141,0,111673344
1747834142,402200,111673344
1747834143,0,27553792
1747834354,16660600,987136
1747834355,17514300,1179648
1747834356,76631700,3944448
1747834357,40330400,1822720
1747834359,31792000,5197824
1747834360,192158400,10473472
1747834361,454652900,25194496
1747834362,687903400,25264128
1747834363,635807000,22941696
1747834364,630721000,23072768
1747834365,638750600,23220224
1747834366,677661400,29200384
1747834367,737057900,33148928
1747834368,738378500,34168832
1747834369,1480668400,37195776
1747834370,751137600,37974016
1747834371,725480200,40103936
1747834372,751317800,39501824
1747834373,745465000,42545152
1747834374,747428600,43118592
1747834375,757332400,43003904
1747834376,734426600,44429312
1747834377,742639200,45334528
1747834378,750096100,45735936
1747834379,735212900,48128000
1747834380,758376800,48754688
1747834381,1440794200,49344512
1747834382,659544200,50003968
1747834383,605933900,51257344
1747834384,631286500,51961856
1747834385,628621300,52211712
1747834386,623720300,53596160
1747834387,639632900,54386688
1747834388,643502000,54849536
1747834389,632077700,55463936
1747834390,648661700,57671680
1747834391,1293253100,57262080
1747834392,619939800,57823232
1747834393,657303200,59240448
1747834394,656588600,60825600
1747834395,550374400,60628992
1747834396,569860200,61337600
1747834397,561215100,63205376
1747834398,516004000,63406080
1747834399,563685000,63242240
1747834400,654206600,64376832
1747834401,1315728900,65859584
1747834402,652928300,66060288
1747834403,668593000,66834432
1747834404,663791900,67321856
1747834405,676270800,67805184
1747834406,651020700,68399104
1747834407,559162900,69013504
1747834408,377022300,69218304
1747834409,356464400,68644864
1747834410,363987000,69206016
1747834411,716501300,68952064
1747834412,364741600,68898816
1747834413,354371800,69283840
1747834414,364590300,69234688
1747834415,392602900,68816896
1747834416,369324800,11296768
1747834417,413662200,11849728
1747834418,353648400,11489280
1747834419,361374000,11493376
1747834420,361510600,11853824
1747834421,850494400,25968640
1747834422,603476400,27787264
1747834423,435368300,28585984
1747834424,450927000,29216768
1747834425,403225100,29343744
1747834427,1230666200,38932480
1747834428,741469600,40583168
1747834429,772798200,43274240
1747834430,606295000,43876352
1747834431,1312458400,49979392
1747834432,788411400,50786304
1747834433,744353600,53067776
1747834434,729985400,53460992
1747834435,487538600,54575104
1747834437,1488624300,57790464
1747834438,595270100,61423616
1747834439,635073800,60301312
1747834440,488418400,61444096
1747834441,943430000,61911040
1747834442,459671400,63213568
1747834443,464710900,63561728
1747834444,572156100,64479232
1747834445,606299200,65036288
1747834446,498327300,54018048
1747834447,486411000,55500800
1747834448,497708200,54022144
1747834449,507829000,54407168
1747834450,495500200,54378496
1747834451,1001092000,54546432
1747834452,489183400,54489088
1747834453,510380200,53948416
1747834454,497915800,16834560
1747834455,534055200,21966848
1747834456,520414600,25276416
1747834457,492151300,26079232
1747834458,547817600,26959872
1747834459,585882800,27828224
1747834460,646436200,29114368
1747834461,1163633000,34967552
1747834462,578455200,35987456
1747834463,442303800,36192256
1747834464,94969500,36917248
1747834465,92650700,37986304
1747834466,93548600,38137856
1747834467,99946700,39092224
1747834468,120260700,45178880
1747834469,471440600,52240384
1747834470,112696300,47927296
1747834471,251767600,50118656
1747834472,136402500,34205696
1747834473,144931100,35078144
1747834474,397117500,48463872
1747834475,499287600,49311744
1747834476,494810200,50761728
1747834477,556048700,52244480
1747834478,1285346100,42307584
1747834479,703383100,45223936
1747834480,684269200,46071808
1747834481,610218300,46886912
1747834482,603255500,47173632
1747834483,597147300,47992832
1747834484,600745100,49516544
1747834485,599329400,49885184
1747834486,600634900,50921472
1747834487,540680100,51970048
1747834488,611063000,52428800
1747834489,604739000,54382592
1747834490,603064100,54013952
1747834491,1213219600,55857152
1747834492,619236600,56819712
1747834493,603573700,57536512
1747834494,608553200,58384384
1747834495,616714200,59371520
1747834496,599225900,60256256
1747834497,613735200,61177856
1747834498,620896700,61923328
1747834499,615591500,62935040
1747834500,602885800,63410176
1747834501,1300015800,66678784
1747834502,659720700,67112960
1747834503,598562100,68374528
1747834504,516177600,69103616
1747834505,517302900,70623232
1747834506,606646300,71483392
1747834507,581372000,72187904
1747834508,621599400,73756672
1747834509,632573100,75587584
1747834510,641954400,75681792
1747834511,1283312300,77979648
1747834512,634425800,78536704
1747834513,631965100,79667200
1747834514,653814300,84205568
1747834515,637256900,81199104
1747834516,629986600,83034112
1747834517,634641300,83353600
1747834518,641434000,84115456
1747834519,623559400,87638016
1747834520,636115100,88772608
1747834521,1172332700,94134272
1747834522,363363900,94466048
1747834523,355561800,94146560
1747834524,557220900,95338496
1747834525,419219600,93253632
1747834526,354558700,92930048
1747834527,367790600,93663232
1747834528,357500500,93143040
1747834529,543578000,94449664
1747834530,582122500,94343168
1747834531,710734700,95293440
1747834532,357492400,94978048
1747834533,539763200,96485376
1747834534,717359100,98480128
1747834535,447673100,98304000
1747834536,795545700,98983936
1747834537,574066000,99934208
1747834538,503672800,18239488
1747834539,426118800,86679552
1747834540,896965600,104398848
1747834541,431279700,105172992
1747834542,509744400,105684992
1747834543,655701100,107294720
1747834544,592682600,108183552
1747834545,581410100,108085248
1747834546,908877300,109363200
1747834548,1251268000,111456256
1747834549,596164700,114438144
1747834551,888696200,113680384
1747834552,652763500,114036736
1747834553,605535500,115400704
1747834554,624934100,116834304
1747834555,323782400,117374976
1747834556,256670400,119156736
1747834557,188474500,121069568
1747834558,217487100,122789888
1747834559,15372600,5681152
1747834560,216684500,135376896
1747834561,202047600,137154560
1747834562,250528000,138928128
1747834563,83778800,139350016
1747834564,53329500,122445824
1747834565,106521600,134176768
1747834566,115556900,135196672
1747834567,106436800,136052736
1747834568,99594100,136798208
1747834569,210637800,138145792
1747834570,125685300,127328256
1747834571,118033300,128372736
1747834572,126587600,129257472
1747834573,144174500,130396160
1747834574,163760500,120057856
1747834575,277728700,133148672
1747834576,359040700,136413184
1747834577,192934400,137482240
1747834578,201495300,139259904
1747834579,210483600,141041664
1747834580,224308000,142848000
1747834581,228756800,144723968
1747834582,237885100,146014208
1747834583,60171300,145985536
1747834584,23456900,134197248
1747834585,227341400,134139904
1747834586,108751500,134098944
1747834587,21001900,134029312
1747834588,0,134029312
1747834589,247826000,134148096
1747834590,74271900,133988352
1747834591,40452300,134184960
1747834592,0,134184960
1747834593,0,134184960
1747834594,217250000,134094848
1747834595,191096900,134103040
1747834596,117908100,133910528
1747834597,52052800,134107136
1747834598,160356900,134017024
1747834599,166391800,133996544
1747834600,154094100,133906432
1747834601,76602600,133730304
1747834602,52852400,134033408
1747834603,158949900,134029312
1747834604,151314800,133996544
1747834605,54460200,133840896
1747834606,104379200,134119424
1747834607,154855300,133521408
1747834608,117514600,134041600
1747834609,53869900,134094848
1747834610,54993600,134135808
1747834611,54810100,134082560
1747834612,112448100,134160384
1747834613,161345400,134160384
1747834614,142133200,134180864
1747834615,141103100,134041600
1747834616,147438700,134135808
1747834617,157172400,134164480
1747834618,143984700,134045696
1747834619,145071900,133812224
1747834620,144290100,134103040
1747834621,150599300,134197248
1747834622,142865300,134119424
1747834623,140080900,134053888
1747834624,137423100,134037504
1747834625,138511400,134135808
1747834626,217625700,134189056
1747834627,49935000,134057984
1747834628,49440700,134033408
1747834629,26578300,134213632
1747834630,0,134213632
1747834631,0,134213632
1747834632,0,134213632
1747834633,0,134213632
1747834634,0,134213632
1747834635,0,134213632
1747834636,0,134213632
1747834637,0,134213632
